Shop Name,Website,Email,Contact Name,Contact Title,Main Phone,LinkedIn,State,Country ,First Contact? 
"Triathlon Gear & Apparel, Running Shoes, Tri Bikes, Swim Gear",https://www.insideoutsports.com/,carolyn@insideoutsports.com,Carolyn Anderson,Purchasing Manager,,,California,United States,No
"Zone 3 Multisport | Santa Monica, CA",https://www.zone3multisport.com/,info@zone3multisport.com,Jose,General Manager,,http://www.linkedin.com/company/2655623,California,United States,No
Triathlon Cycling Apparel - Palo Alto - Cardinal Bike Shop,https://www.cardinalbikes.com/product-list/clothing-1194/triathlon-1241/?srsltid=AfmBOooI3AVYJNc5LXR364ADCs25QZ4lqlHQsBluUDgYT18-WPzQj9Nj,cardinalbikeshop@gmail.com,,,6503288900,,California,United States,No
"Triathlon LAB: Triathlon Gear and apparel, wetsuits, swim ...",https://triathlonlab.com/,christophert@triathlonlab.com,Christopher Taylor,Owner,13103749100,http://www.linkedin.com/company/6622392,California,United States,No
"The one and only Triathlon Store in Long Beach, CA",https://t2triathlon.com/,hello@t2triathlon.com,,,5625813559,,California,United States,No
The Triathlete Store,https://www.triathletestore.com/,vaughn@triathletestore.com,Vaughn Stakes,President/Chief Executive Officer,,http://www.linkedin.com/company/4113976,California,United States,No
"Zone 3 Multisport | Santa Monica, CA",https://www.zone3multisport.com/,info@zone3multisport.com,Jose,General Manager,,http://www.linkedin.com/company/2655623,California,United States,No
"XTERRA WETSUITS | San Diego, CA",https://www.xterrawetsuits.com/,david@xterrawetsuits.com,David Hernandez,Warehouse Manager,,https://www.linkedin.com/company/xterra-wetsuits,California,United States,No
Triathlon Store,https://www.sdtriseries.com/triathlon-add-ons,info@kozenterprises.com,,,,,California,United States,No
"Pulse Endurance Sports | High Performance Triathlon, Road ...",https://www.pulseendurance.com/?srsltid=AfmBOooZnkwPrZneRvFm266xbLfcohzC0yQJdtsaloJm5TVM80xcViV3,mike@pulseendurance.com,?,President,18583842867,http://www.linkedin.com/company/7159957,California,United States,No
"Triathlon Gear & Apparel, Running Shoes, Tri Bikes, Swim Gear",https://www.insideoutsports.com/,carolyn@insideoutsports.com,Carolyn Anderson,Purchasing Manager,,,California,United States,No
Triathlon Bikes - Tri Bikes | San Diego Bike Shop,https://www.momentbikes.com/product-list/bikes-1000/triathlon-bikes-1249/?srsltid=AfmBOooz7OJSN-RqkZtFNhnMqrS0P7hfELUf6k-r9nEijb4dMhmQX2YB,steven@momentbikes.com,,,16195232453,,California,United States,No
"Pulse Endurance Sports | High Performance Triathlon, ...",https://www.pulseendurance.com/?srsltid=AfmBOopBq4DNlr9ju-rBqFqZZdA3ihSBvCFumBMGNXsAEtmgW5ufjN8c,mike@pulseendurance.com,?,President,18583842867,http://www.linkedin.com/company/7159957,California,United States,No
"Triathlon - Fair Oaks & Roseville, California",https://www.bobscyclecenter.com/product-list/bikes-1000/road-1001/triathlon-1003/,info@bobscyclecenter.com,Eric,Manager,+1 916-961-6700,,California,United States,No
"SF bay area for sale ""triathlon bike""",https://sfbay.craigslist.org/search/sss?query=triathlon+bike,melehmotors@gmail.com,,,14154804311,,California,United States,No
"Zone 3 Multisport | Santa Monica, CA",https://www.zone3multisport.com/,info@zone3multisport.com,Jose,General Manager,,http://www.linkedin.com/company/2655623,California,United States,No
"Award-Winning Triathlon Bikes, Gear, & More | Quintana Roo ...",https://quintanarootri.com/?srsltid=AfmBOoqyZiJSjAOCxfw7QAFydHocwhI1CHpqZiG0a6hVUr-DFGdhrzXQ,info@quintanarootri.com,,,4235918830,,California,United States,No
"Moment Bicycles | Bike Shop | San Diego, CA",https://www.momentbikes.com/?srsltid=AfmBOoqgxNiHSwCTfqCf9_orCcy2Xyqjyc4e-xU6KYuOaQe3JZUXWMuj,steven@momentbikes.com,,,16195232453,,California,United States,No
Triathlon Bikes: Speed & Precision,https://racycles.com/collections/triathlon-bikes?srsltid=AfmBOopz4t9DqvWpzUkeL0xx4sbmfpIB4j_WgNHVpY9mhu58FIwa1Cst,al@racycles.com,Albert Cabbad,Chief Operating Officer,17182226000,https://www.linkedin.com/company/r%26acycles,California,United States,No
Bike Fitting - San Diego Bike Shop,https://www.momentbikes.com/articles/bike-fitting-pg526.htm?srsltid=AfmBOooBs4N8LQ6sVkqMshjSKiNwnHN4pXI5aPHn2JFg00wwS6IyJfpW,steven@momentbikes.com,,,16195232453,,California,United States,No
Long Beach Bike Fit,https://www.longbeachbikefit.com/,longbeachbikefit@gmail.com,,,9518370375,,California,United States,No
fitted by Pedro,https://fittedbypedro.com/,pedro@fittedbypedro.com,,,4153500842,,California,United States,No
Top 5 Bike Fitters in LA,https://www.myvelofit.com/fit-academy/top-5-bike-fitters-in-la/,sales@myvelofit.com,,,,https://www.linkedin.com/company/myvelofit,California,United States,No
Paragon Fit - The Best Bike Fitter for the San Francisco Bay Area,https://www.paragonfitstudio.com/,bk@paragonfitstudio.com,,,13129197182,,California,United States,No
Who are the absolute best bike fitters within the US? : r/Velo,https://www.reddit.com/r/Velo/comments/18ok2mb/who_are_the_absolute_best_bike_fitters_within_the/kehnmyk/,leah@reddit.com,Leah Duffy,President,34674766630,http://www.linkedin.com/company/150573,California,United States,No
Mike's Bikes Fit Services,https://mikesbikes.com/pages/fit-services?srsltid=AfmBOorSjM2XJ1UZ9eRoBg8ArRbBo21Q4Q47CupsRlBr07eR2jj3Z9Ud,info@mikesbikes.com,Unknown Unknown,Owner,19379641269,http://www.linkedin.com/company/1629719,California,United States,No
Any recommendations for a good bike fitter in the Bay Area?,https://www.reddit.com/r/BAbike/comments/y3xnbg/any_recommendations_for_a_good_bike_fitter_in_the/isaz4sf/,leah@reddit.com,Leah Duffy,President,34674766630,http://www.linkedin.com/company/150573,California,United States,No
Bikes,https://triathlonlab.com/collections/bike,christophert@triathlonlab.com,Christopher Taylor,Owner,13103749100,http://www.linkedin.com/company/6622392,California,United States,No
Triathlon/TT Bikes - Look,https://revolutionbikeshop.com/look/,ghahn@revolutionbikeshop.com,Gregor Hahn,Manager Plant Operations,8582222453,,California,United States,No
"Triathlon/Time Trial - The Bike Shop | Temecula, CA",https://www.thebikeshoptemecula.com/product-list/bikes-1000/road-1001/triathlon-time-trial-1003/,info@thebikeshoptemecula.com,Rich ?,,19513039477,http://linkedin.com/company/the-bike-shop,California,United States,No
"Pulse Endurance Sports | High Performance Triathlon, ...",https://www.pulseendurance.com/?srsltid=AfmBOopnodW0XIa2E8GXdw-1EeCMgF1X87FYlacqBsHoaLOdCGF5F77N,mike@pulseendurance.com,?,President,18583842867,http://www.linkedin.com/company/7159957,California,United States,No
Oakland/Berkeley/close triathlon bike shop? : r/BAbike,https://www.reddit.com/r/BAbike/comments/12a8h3s/comment/jes53d7/,leah@reddit.com,Leah Duffy,President,34674766630,http://www.linkedin.com/company/150573,California,United States,No
"Triathlon LAB: Triathlon Gear and apparel, wetsuits, swim ...",https://triathlonlab.com/,christophert@triathlonlab.com,Christopher Taylor,Owner,13103749100,http://www.linkedin.com/company/6622392,California,United States,No
"Team Cycle | Bike Shop | Cameron Park, CA",http://www.teamcycleandtscafe.com/,fishertime5@yahoo.com,,,,,California,United States,No
"Zone 3 Multisport | Santa Monica, CA",https://www.zone3multisport.com/,info@zone3multisport.com,Jose,General Manager,,http://www.linkedin.com/company/2655623,California,United States,No
Triathlon & Time Trial Bikes - Lake Forest,https://www.pureridecycles.com/product-list/road-1001/triathlon-1003/,kll@pureridecycles.com,,,9495818900,,California,United States,No
"Triathlon LAB: Triathlon Gear and apparel, wetsuits, swim ...",https://triathlonlab.com/,christophert@triathlonlab.com,Christopher Taylor,Owner,13103749100,http://www.linkedin.com/company/6622392,California,United States,No
De Soto Sport - Triathlon & Endurance Sports Apparel ...,https://www.desotosport.com/?srsltid=AfmBOoqsVfZ83HM1tZWhVae0Aj9ZwRAxbVffjN2iB2KLgr1JVmNsdLjT,emilio@desotosport.com,Emilio Emilio,Owner,,http://linkedin.com/company/de-soto-sport,California,United States,No
Inside Out Sports,https://www.insideoutsports.com/,carolyn@insideoutsports.com,Carolyn Anderson,Purchasing Manager,,,California,United States,No
"XTERRA WETSUITS | San Diego, CA",https://www.xterrawetsuits.com/,david@xterrawetsuits.com,David Hernandez,Warehouse Manager,,https://www.linkedin.com/company/xterra-wetsuits,California,United States,No
Triathlon Store,https://www.sdtriseries.com/triathlon-add-ons,info@kozenterprises.com,,,,,California,United States,No
IRONMAN Store | North America,https://www.ironmanstore.com/,orders@ironmanstore.com,,,,,California,United States,No
The Triathlete Store,https://www.triathletestore.com/,vaughn@triathletestore.com,Vaughn Stakes,President/Chief Executive Officer,,http://www.linkedin.com/company/4113976,California,United States,No
IRONMAN SERVICES,https://www.playtri.com/ironmantriathlonstore,steve.brown@playtri.com,Stephan Brown,Owner,12143709010,http://linkedin.com/company/playtri,California,United States,No
IRONMAN California,https://www.ironman.com/races/im-california,bryn.sherwood@ironman.com,Bryn Sherwood,Merchandise Event Operations Support,+27 41 581 7990,http://www.linkedin.com/company/132964,California,United States,No
Pre Race Info | IRONMAN California,https://www.ironman.com/races/im-california/pre-race-info,bryn.sherwood@ironman.com,Bryn Sherwood,Merchandise Event Operations Support,+27 41 581 7990,http://www.linkedin.com/company/132964,California,United States,No
IRONMAN Bike Rentals,https://www.playtri.com/ironman-bike-rentals,steve.brown@playtri.com,Stephan Brown,Owner,12143709010,http://linkedin.com/company/playtri,California,United States,No
Partner Info | IRONMAN California,https://www.ironman.com/races/im-california/partners,bryn.sherwood@ironman.com,Bryn Sherwood,Merchandise Event Operations Support,+27 41 581 7990,http://www.linkedin.com/company/132964,California,United States,No
"Triathlon Bike Rentals | San Diego, CA",https://www.momentbikes.com/about/triathlon-bike-rentals-pg524.htm?srsltid=AfmBOorDrmJ7qhjJK12kkO-0DsRppW9HEu4xeyO32YC7bmy-T9T-ga0w,steven@momentbikes.com,,,16195232453,,California,United States,No
Max Performance Bike Fit | Power. Efficiency. Comfort.,https://maxperformancebikefit.com/,dr_lie@runfootdoc.com,,,,,California,United States,No
Putting muscle behind IRONMAN California,https://lookinside.kaiserpermanente.org/putting-muscle-behind-ironman-california/,douglas.p.oakley@kp.org,,,,https://www.linkedin.com/company/kaiser-permanente,California,United States,No
fitted by Pedro,https://fittedbypedro.com/,pedro@fittedbypedro.com,,,4153500842,,California,United States,No
Bicycle Fitting | Sports Medicine | UC Davis Health,https://health.ucdavis.edu/sports-medicine/sports-performance/bike-fit,lehoward@health.ucdavis.edu,,,9167342011,https://www.linkedin.com/company/uc-davis-health-system,California,United States,No
Bike Fitting - San Diego Bike Shop,https://www.momentbikes.com/articles/bike-fitting-pg526.htm?srsltid=AfmBOoqk0xXRPtocws7Yewlzs2T-axIgn0T57YNJohqkcQbvCJDwrqsj,steven@momentbikes.com,,,16195232453,,California,United States,No
Paragon Fit - The Best Bike Fitter for the San Francisco Bay Area,https://www.paragonfitstudio.com/,bk@paragonfitstudio.com,,,13129197182,,California,United States,No
RETUL Bike Fitting,https://www.kineticcycles.com/articles/retul-bike-fitting-pg185.htm?srsltid=AfmBOoq5jRgz_76DLmu76ephNhd2BeFYheRbbiQ_Ia5nzykveZ3SBj0O,sales@kineticcycles.com,,,19169799936,,California,United States,No
Bike fitting,https://sacramentospine.com/bike-fitting/,k.dumitru@sacramentospine.com,Kevin Dumitru,,19166771210,http://linkedin.com/company/sacramento-spine-&-physical-therapy-inc.,California,United States,No
The Best Triathlon Bike Fitters in the United States,https://www.triathlete.com/gear/bike/the-best-triathlon-bike-fitters-in-the-united-states/,tom@triathlete.com,Thomas Mcconnell,Real Estate Agent,,,California,United States,No
Triathlon Organizations - San Diego Bike Shop,https://www.momentbikes.com/articles/triathlon-organizations-pg252.htm?srsltid=AfmBOopUhxrVoAg4pWAB4u3bd2Kn_wY429xEVLRqoxUeojJCipPvrz7u,steven@momentbikes.com,,,16195232453,,California,United States,No
Golden Gate Triathlon Club - Gearing Up,https://ggtc.org/Gearing-Up,dkanavy@ggtc.org,Donald Kanavy,Curriculum Director,,http://www.linkedin.com/company/3737397,California,United States,No
Sponsorships,https://www.latriclub.com/sponsorships,larry@latriclub.com,Larry Turkheimer,Founder And Coast 2 Coast Swim Director,,,California,United States,No
What are good bike shops in the San Francisco Bay Area ...,https://www.quora.com/What-are-good-bike-shops-in-the-San-Francisco-Bay-Area-for-triathlon-bikes,kevin@quora.com,Kevin Mu,Software Engineer,101722657264,http://www.linkedin.com/company/1039156,California,United States,No
Triathlon Club of Central California: Home,https://www.tc3california.org/,info@tc3california.org,,,,,California,United States,No
Conejo Valley Triathlon Team,https://cvtriathlonteam.com/,cvtriathlonteam@gmail.com,,,,,California,United States,No
fitted by Pedro,https://fittedbypedro.com/,pedro@fittedbypedro.com,,,4153500842,,California,United States,No
Top 5 Bike Fitters in LA,https://www.myvelofit.com/fit-academy/top-5-bike-fitters-in-la/,sales@myvelofit.com,,,,https://www.linkedin.com/company/myvelofit,California,United States,No
Paragon Fit - The Best Bike Fitter for the San Francisco Bay Area,https://www.paragonfitstudio.com/,bk@paragonfitstudio.com,,,13129197182,,California,United States,No
Bike Fitting - San Diego Bike Shop,https://www.momentbikes.com/articles/bike-fitting-pg526.htm?srsltid=AfmBOoo3ASEr0_EO72k5geB5Cdu-s4-70CTQCHU7m1v9EZ1O4PNQpFc4,steven@momentbikes.com,,,16195232453,,California,United States,No
Long Beach Bike Fit,https://www.longbeachbikefit.com/,longbeachbikefit@gmail.com,,,9518370375,,California,United States,No
Bicycle Fitting | Sports Medicine | UC Davis Health,https://health.ucdavis.edu/sports-medicine/sports-performance/bike-fit,lehoward@health.ucdavis.edu,,,9167342011,https://www.linkedin.com/company/uc-davis-health-system,California,United States,No
Bike Fit Packages - Redlands - Riverside,https://www.cycleryusa.com/about/bike-fit-packages-pg545.htm?srsltid=AfmBOoo6fVCTkJk4zlf20glVKEphSMNVmck2K0Pm9SxFs176uAQgL3xM,ckundig@cycleryusa.com,Craig Kundig,Owner,9094665444,http://www.linkedin.com/company/9020199,California,United States,No
Bike Fitting | Dave Jordaan Cyber Cycle Coach,https://cybercyclecoach.com/bike-fitting/,cybercyclecoach@gmail.com,Dave Jordaan,,17147205472,,California,United States,No
Bike Fitting | Santa Cruz California,https://www.spokesmanbicycles.com/articles/spokesman-bicycles-fitting-pg187.htm?srsltid=AfmBOoo7h94_w0wsAePiwe62xM_v-OGH9u2vCjATqnjTJTA3MilGxdlv,virginia@spokesmanbicycles.com,Virginia Vaquero,Sales,18314296062,http://www.linkedin.com/company/5734363,California,United States,No
Aerobars: Speed & Comfort,https://racycles.com/collections/aerobars?srsltid=AfmBOoofRzFsTLJxgJpOvUz9lgL_GND1XRWxb-6lRxl5W22mLdStkEjv,al@racycles.com,Albert Cabbad,Chief Operating Officer,17182226000,https://www.linkedin.com/company/r%26acycles,California,United States,No
Quick-Release Clip-on Aerobars,https://redshiftsports.com/products/quick-release-aerobars?srsltid=AfmBOorWGscMKRnoVTBaSo8X2RsddaROK8npQ9ncMEuzOvGDIYOU_Vcr,diana@redshiftsports.com,Diana Balderson,Assembly And Fulfillment Manager,,http://linkedin.com/company/redshift-sports,California,United States,No
"Profile Design: Cycling components; Aerobars, Hydrating ...",https://profile-design.com/?srsltid=AfmBOoqSU6FF3EGA1OI6TcxvDzLyS78eok1K-UIPrqQc2kShyyJkrviq,drounds@profile-design.com,Don Rounds,Architectural Designer,,http://www.linkedin.com/company/94968,California,United States,No
"Triathlon Aero Bars | Optimised For Speed, Comfort, Control",https://fasttt.bike/triathlon-aero-bars-2/,speed@fasttt.bike,,,,,California,United States,No
Aero Bars For Triathlon,https://www.walmart.com/c/kp/aero-bars-for-triathlon,john.bagwell@walmart.com,John Bagwell,Transportation Manager,+1 510-569-0200,https://www.linkedin.com/company/walmart-sourcing,California,United States,No
Triathlon / TT Bike Aerobars | Backcountry.com,https://www.backcountry.com/cat/triathlon-tt-bike-aerobars?srsltid=AfmBOooh0bKJkxelAcwm9JGMGnpvx-B6g3_zcrYtfqvzbpqy2YMn0pb0,virginia@backcountry.com,Virginia Dickinson,Sales And Customer Service Rockstar,1.800.233.7159,http://www.linkedin.com/company/201258,California,United States,No
Where can I buy a cheap set of aero bars? (Under 100 USD),https://www.reddit.com/r/triathlon/comments/1ifoosx/where_can_i_buy_a_cheap_set_of_aero_bars_under/majjv7a/,leah@reddit.com,Leah Duffy,President,34674766630,http://www.linkedin.com/company/150573,California,United States,No
Aerobar Systems,https://predatorcycling.com/collections/aerobar-systems?srsltid=AfmBOop9yseRECcMY-dhQ9eGPu_Rqw9N0QexM7XgBeDJA2wKgrBU2gCs,christina@predatorcycling.com,Christina Coppola,Managing Partner,,http://www.linkedin.com/company/704291,California,United States,No
Bike Fitting Services,https://triathlonlab.com/pages/bike-fitting-services,christophert@triathlonlab.com,Christopher Taylor,Owner,13103749100,http://www.linkedin.com/company/6622392,California,United States,No
Bike Fitting - San Diego Bike Shop,https://www.momentbikes.com/articles/bike-fitting-pg526.htm?srsltid=AfmBOoou5y2gD01Y--ZOPJvmE63K4nxmIAZlYu1YY2iR9t2RpVA7429r,steven@momentbikes.com,,,16195232453,,California,United States,No
Top 5 Bike Fitters in LA,https://www.myvelofit.com/fit-academy/top-5-bike-fitters-in-la/,sales@myvelofit.com,,,,https://www.linkedin.com/company/myvelofit,California,United States,No
Paragon Fit - The Best Bike Fitter for the San ...,https://www.paragonfitstudio.com/,bk@paragonfitstudio.com,,,13129197182,,California,United States,No
RETUL Bike Fitting - Kinetic Cycles,https://www.kineticcycles.com/articles/retul-bike-fitting-pg185.htm?srsltid=AfmBOopuHkUdKvUPOewjrocPo_TmC5jl8gbty-V1LCCCDKQPt-pieP0y,sales@kineticcycles.com,,,19169799936,,California,United States,No
San Diego Bike Fitting With Retül,https://www.blackmountainbicycles.com/articles/bike-fitting-pg778.htm?srsltid=AfmBOoq1qMTKrvcrtfFqeW8ciLmE-Q2IFSieUXm6Ht1qur7LQHo8VgLk,sales@blackmountainbicycles.com,Bryan Whitbeck,Owner,,http://linkedin.com/company/black-mountain-bicycles-inc.,California,United States,No
PedPowerPerform Lab,https://pedpowerperformlab.com/,dean@pedpowerperformlab.com,,,,,California,United States,No
Bike Fitting,https://www.hypercat.com/articles/bike-fitting-pg187.htm,rachel@hypercat.com,Rachel Casanta,President,18054770353,http://www.linkedin.com/company/1466168,California,United States,No
Long Beach Bike Fit,https://www.longbeachbikefit.com/,longbeachbikefit@gmail.com,,,9518370375,,California,United States,No
Northern CA bike fitting - Triathlon Forum,https://forum.slowtwitch.com/t/northern-ca-bike-fitting/597858/1,slowman@slowtwitch.com,,,,,California,United States,No